date,title,guests,found,reason,method,start,summary,answer,people,entities,themes,transcript_source
2022-12-12,Update Your Model's View Of The World In Real Time With Streaming Machine Learning Using River,,False,question not found,,,,,,,,feed
2022-12-05,Declarative Machine Learning For High Performance Deep Learning Models With Predibase,,False,question not found,,,,,,,,feed
2022-11-28,Build Better Machine Learning Models With Confidence By Adding Validation With Deepchecks,,False,question not found,,,,,,,,feed
2022-11-21,Build A Full Stack ML Powered App In An Afternoon With Baseten,,False,question not found,,,,,,,,feed
2022-11-07,Skip Straight To The Fun Part Of Your Project With PyScaffold,,False,question not found,,,,,,,,feed
2022-10-30,Add Configuration Best Practices To Your Application In An Afternoon With Dynaconf,,False,question not found,,,,,,,,feed
2022-10-23,Take A Tour Of The Hidden Language Of Hardware And How It Powers Your Code,,False,question not found,,,,,,,,feed
2022-10-16,Take Control Of Your Electrical Systems With The Open Source FlexMeasures Energy Management System,,False,question not found,,,,,,,,feed
2022-10-10,How And Why To Build Effective Teams As An Engineering Leader,,False,question not found,,,,,,,,feed
2022-10-03,"Complete Your Hardware ""Weekend Projects"" In An Actual Weekend With Belay",,False,question not found,,,,,,,,feed
2022-09-19,"Catching Up With Pyre, A Fast Type Checker For Python",,False,question not found,,,,,,,,feed
2022-09-13,Standardizing On Python For All Software Projects At Ascend.io,,False,question not found,,,,,,,,feed
2022-09-05,Exploring The Process And Practice Of Building Better Software Through Code Reviews,,False,question not found,,,,,,,,feed
2022-08-28,Ship With Confidence By Automating Quality Assurance,,False,question not found,,,,,,,,feed
2022-08-14,Remove Roadblocks And Let Your Developers Ship Faster With Self-Serve Infrastructure,Self-Serve Infrastructure,False,question not found,,,,,,,,feed
2022-07-31,The Benefits Of Python And Django For Going From Zero To MVP At Speed,,False,question not found,,,,,,,,feed
2022-07-25,Powering The Next Generation Of Application Architectures With Web Assembly And The Fermyon Platform,Web Assembly,False,question not found,,,,,,,,feed
2022-07-17,Gain A Deeper Understanding Of What Your Code Is Doing And Where It Spends Its Time With VizTracer,,False,question not found,,,,,,,,feed
2022-07-10,Stream Processing In Real Time And At Scale In Pure Python With Bytewax,,False,question not found,,,,,,,,feed
2022-07-03,Tetra: A Full Stack Web Framework That Doesn't Make You Write Everything Twice,,False,question not found,,,,,,,,feed
2022-06-27,Design Real-World Objects In Python With CadQuery,,False,question not found,,,,,,,,feed
2022-06-15,Intelligent Dependency Resolution For Optimal Compatibility And Security With Project Thoth,Project Thoth,False,question not found,,,,,,,,feed
2022-05-30,Take A Deep Dive On How Code Completion Works And How To Customize It,,False,question not found,,,,,,,,feed
2022-05-24,Hunting Black Swans With Bees: Catching Up With The Inimitable Russell Keith-Magee,,False,question not found,,,,,,,,feed
2022-05-16,Take Control Of Your Digital Photos By Running Your Own Smart Library Manager With LibrePhotos,,False,question not found,,,,,,,,feed
2022-05-10,Making Investment Data Easy To Access And Analyze With The OpenBB Terminal,,False,question not found,,,,,,,,feed
2022-05-02,Accelerate Your Machine Learning Experimentation With Automatic Checkpoints Using FLOR,Automatic Checkpoints Using FLOR,False,question not found,,,,,,,,feed
2022-04-25,Automatically Enforce Software Structures With Powerful Code Modifications Powered By LibCST,,False,question not found,,,,,,,,feed
2022-04-19,Cloud Native Networking For Developers With The Gloo Platform,,False,question not found,,,,,,,,feed
2022-04-11,Accelerate And Simplify Cloud Native Development For Kubernetes Environments With Gefyra,,False,question not found,,,,,,,,feed
2022-03-28,Building A Community And Technology Stack For Scalable Big Data Geoscience At Pangeo,,False,question not found,,,,,,,,feed
2022-03-20,Automating Application Lifecycles For Developer Happiness At Wayfair,,False,question not found,,,,,,,,feed
2022-03-14,Run Your Applications Reliably On Kubernetes Without Losing Sleep With Robusta,,False,question not found,,,,,,,,feed
2022-03-06,Accelerate The Development And Delivery Of Your Machine Learning Applications Using Ray And Deploy It At Anyscale,,False,question not found,,,,,,,,feed
2022-02-28,See The Structure Of Your Software At A Glance With Call Graphs From Code2Flow,Call Graphs From Code2Flow,False,question not found,,,,,,,,feed
2022-02-21,Scaling Knowledge Management For Technical Teams With Knowledge Repo,Knowledge Repo,False,question not found,,,,,,,,feed
2022-02-14,Simplify And Scale Your Software Development Cycles By Putting On Pants (Build Tool),,False,question not found,,,,,,,,feed
2022-02-06,Achieve Repeatable Builds Of Your Software On Any Machine With Earthly,,False,question not found,,,,,,,,feed
2022-01-31,Building A Detailed View Of Your Software Delivery Process With The Eiffel Protocol,,False,question not found,,,,,,,,feed
2022-01-24,Improve Your Productivity By Investing In Developer Experience Design For Your Projects,,False,question not found,,,,,,,,feed
2022-01-15,An Exploration Of Effective Pandas Practices With Matt Harrison,Matt Harrison,False,question not found,,,,,,,,feed
2022-01-13,Generate Your Text Files With Python Using Cog,Python Using Cog,False,question not found,,,,,,,,feed
2022-01-02,A Friendly Approach To Regression Models For Programmers,,False,question not found,,,,,,,,feed
2021-12-27,"Fast, Flexible, and Incremental Task Automation With doit",,False,question not found,,,,,,,,feed
2021-12-20,"The Technological, Business, and Sales Challenges Of Building The Ethical Ads Network",,False,question not found,,,,,,,,feed
2021-12-12,Accidentally Building A Business With Python At Listen Notes,Python At Listen Notes,False,question not found,,,,,,,,feed
2021-11-27,Making Orbital Mechanics More Accessible With Poliastro,,False,question not found,,,,,,,,feed
2021-11-22,Declarative Deep Learning From Your Laptop To Production With Ludwig and Horovod,,False,question not found,,,,,,,,feed
2021-11-22,Build Better Analytics And Models With A Focus On The Data Experience,,False,question not found,,,,,,,,feed
2021-11-06,Building Conversational AI to Augment Sales Teams at Structurely,,False,question not found,,,,,,,,feed
2021-10-31,Build Composable And Reusable Feature Engineering Pipelines with Feature-Engine,,False,question not found,,,,,,,,feed
2021-10-25,Speed Up Your Python Data Applications By Parallelizing Them With Bodo,,False,question not found,,,,,,,,feed
2021-10-16,An Exploration Of Financial Exchange Risk Management Strategies,,False,question not found,,,,,,,,feed
2021-10-09,Build Better Machine Learning Models By Understanding Their Decisions With SHAP,,False,question not found,,,,,,,,feed
2021-09-30,Accelerating Drug Discovery Using Machine Learning With TorchDrug,,False,question not found,,,,,,,,feed
2021-09-26,An Exploration Of Automated Speech Recognition,,False,question not found,,,,,,,,feed
2021-09-19,Experimenting With Reinforcement Learning Using MushroomRL,Reinforcement Learning Using MushroomRL,False,question not found,,,,,,,,feed
2021-09-10,Doing Dask Powered Data Science In The Saturn Cloud,,False,question not found,,,,,,,,feed
2021-09-03,Monitor The Health Of Your Machine Learning Products In Production With Evidently,,False,question not found,,,,,,,,feed
2021-08-25,Making Automated Machine Learning More Accessible With EvalML,,False,question not found,,,,,,,,feed
2021-08-19,Growing And Supporting The Data Science Community At Anaconda,,False,question not found,,,,,,,,feed
2021-08-15,Network Analysis At The Speed Of C With The Power Of Python Using NetworKit,,False,question not found,,,,,,,,feed
2021-08-04,Delivering Deep Learning Powered Speech Recognition As A Service For Developers At AssemblyAI,,False,question not found,,,,,,,,feed
2021-07-28,Taking Aim At The Legacy Of SQL With The Preql Relational Language,,False,question not found,,,,,,,,feed
2021-07-22,Unleash The Power Of Dataframes At Any Scale With Modin,,False,question not found,,,,,,,,feed
2021-07-14,Exploring The SpeechBrain Toolkit For Speech Processing,,False,question not found,,,,,,,,feed
2021-07-07,Fast And Educational Exploration And Analysis Of Graph Data Structures With graph-tool,,False,question not found,,,,,,,,feed
2021-06-30,Lightening The Load For Deep Learning With Sparse Networks Using Neural Magic,,False,question not found,,,,,,,,feed
2021-06-23,Finding The Core Of Python For A Bright Future With Brett Cannon,Brett Cannon,False,question not found,,,,,,,,feed
2021-06-16,Traversing The Challenges And Promise Of Graph Machine Learning,,False,question not found,,,,,,,,feed
2021-06-09,Keep Your Analytics Lint Free With SQLFluff,,False,question not found,,,,,,,,feed
2021-06-02,Exploring The Patterns And Practices For Deep Learning With Andrew Ferlitsch,Andrew Ferlitsch,False,question not found,,,,,,,,feed
2021-05-25,Automatically Generate Your Unit Tests From Scratch With Pynguin,,False,question not found,,,,,,,,feed
2021-05-18,Leveling Up Natural Language Processing with Transfer Learning,Transfer Learning,False,question not found,,,,,,,,feed
2021-05-11,Federated Learning For All With Flower,,False,question not found,,,,,,,,feed
2021-05-04,Data Exploration and Visualization Made Effortless with Lux,,False,question not found,,,,,,,,feed
2021-04-27,Extensible Open Source Authorization For Your Applications With Oso,,False,question not found,,,,,,,,feed
2021-04-20,Teaching Geeks The Value And Skills Of Public Speaking,,False,question not found,,,,,,,,feed
2021-04-13,Let The Robots Do The Work Using Robotic Process Automation with Robocorp,,False,question not found,,,,,,,,feed
2021-04-06,Keep Your Code Clean And Maintainable Using Static Analysis With Flake8,,False,question not found,,,,,,,,feed
2021-03-30,Make Your Code More Readable With The Magic Of Refactoring Using Sourcery,,False,question not found,,,,,,,,feed
2021-03-22,Be Data Driven At Any Scale With Superset,,False,question not found,,,,,,,,feed
2021-03-16,Practical Advice On Using Python To Power A Business,,False,question not found,,,,,,,,feed
2021-03-09,Analyzing The Ecosystem of Python Data Companies With Tony Liu,Tony Liu,False,question not found,,,,,,,,feed
2021-03-02,Go From Notebook To Pipeline For Your Data Science Projects With Orchest,,False,question not found,,,,,,,,feed
2021-02-23,Write Your Python Scripts In A Flow Based Visual Editor With Ryven,,False,question not found,,,,,,,,feed
2021-02-16,CrossHair: Your Automatic Pair Programmer,,False,question not found,,,,,,,,feed
2021-02-09,Giving Your Data Science Projects And Teams A Home At DagsHub,,False,question not found,,,,,,,,feed
2021-02-02,Exploring Literate Programming For Python Projects With nbdev,,False,question not found,,,,,,,,feed
2021-01-26,Making The Sans I/O Ideal A Reality For The Websockets Library,,False,question not found,,,,,,,,feed
2021-01-19,Driving Toward A Faster Python Interpreter With Pyston,,False,question not found,,,,,,,,feed
2021-01-12,Project Scaffolding That Evolves With Your Software Using Copier,,False,question not found,,,,,,,,feed
2021-01-05,How Python's Evolution Impacts Your Fluency With Luciano Ramalho,Luciano Ramalho,False,question not found,,,,,,,,feed
2020-12-28,Making Content Management A Smooth Experience With A Headless CMS,,False,question not found,,,,,,,,feed
2020-12-21,Turning Notebooks Into Collaborative And Dynamic Data Applications With Hex,,False,question not found,,,,,,,,feed
2020-12-15,Add Anomaly Detection To Your Time Series Data With Luminaire,,False,question not found,,,,,,,,feed
2020-12-07,Building Big Data Pipelines For Audio With Klio,,False,question not found,,,,,,,,feed
2020-12-01,Open Sourcing The Anvil Full Stack Python Web App Platform,,False,question not found,,,,,,,,feed
2020-11-23,Pants Has Got Your Python Monorepo Covered,,False,question not found,,,,,,,,feed
2020-11-17,Scale Your Data Science Teams With Machine Learning Operations Principles,Machine Learning Operations Principles,False,question not found,,,,,,,,feed
2020-11-10,Making The Case For A (Semi) Formal Specification Of CPython,,False,question not found,,,,,,,,feed
2020-11-03,Bringing Artificial Intelligence Projects From Idea To Production,,False,question not found,,,,,,,,feed
2020-10-26,Power Up Your Java Using Python With JPype,,False,question not found,,,,,,,,feed
2020-10-19,The Journey To Replace Python's Parser And What It Means For The Future,,False,question not found,,,,,,,,feed
2020-10-12,Cloud Native Application Delivery Using GitOps,,False,question not found,,,,,,,,feed
2020-10-06,Threading The Needle Of Interesting And Informative While You Learn To Code,,False,question not found,,,,,,,,feed
2020-09-29,Solving Python Package Creation For End User Applications With PyOxidizer,,False,question not found,,,,,,,,feed
2020-09-22,Flexible Network Security Detection And Response With Grapl,,False,question not found,,,,,,,,feed
2020-09-15,Simplified Data Extraction And Analysis For Current Events With Newspaper,,False,question not found,,,,,,,,feed
2020-09-07,Digging Into Dagster: An Opinionated Open Source Framework For Data Orchestration,,False,question not found,,,,,,,,feed
2020-09-01,"When, Why, and How To Use Web Scraping In A Nutshell",,False,question not found,,,,,,,,feed
2020-08-25,Working In The Code Mines: Mining Software Repositories With PyDriller,,False,question not found,,,,,,,,feed
2020-08-17,Building The Open Data Ecosystem For Music And More At Metabrainz,,False,question not found,,,,,,,,feed
2020-08-10,Growing Dask To Make Scaling Python Data Science Easier At Coiled,,False,question not found,,,,,,,,feed
2020-08-04,Supporting The Full Lifecycle Of Machine Learning Projects With Metaflow,,False,question not found,,,,,,,,feed
2020-07-28,Learning To Program By Building Tiny Python Projects,,False,question not found,,,,,,,,feed
2020-07-21,Idiomatic Functional Programming With DRY Python,DRY Python,False,question not found,,,,,,,,feed
2020-07-13,"The Past, Present, And Future Of The FLUFL: Barry Warsaw Shares His History With Python",,False,question not found,,,,,,,,feed
2020-07-06,Pure Python Configuration Management With PyInfra,,False,question not found,,,,,,,,feed
2020-06-30,Build Your Own Domain Specific Language in Python With textX,,False,question not found,,,,,,,,feed
